{
  "ResultFlag": true,
  "request_reff_id": "J000011415",
  "ResultIdeb": [
    {
      "nik_npwp": "3273031208810019",
      "Ideb": {
        "IdebIndividu": {
          "header": {
            "kodeReferensiPengguna": "J000011415690EFB",
            "tanggalHasil": "20210108102942",
            "idPermintaan": "206308620",
            "idPenggunaPermintaan": "1292704",
            "dibuatOleh": "ELFRIDA SULASTRI ARITONANG",
            "kodeLJKPermintaan": "028",
            "kodeCabangPermintaan": "015",
            "kodeTujuanPermintaan": "01",
            "tanggalPermintaan": "20210108102942",
            "totalBagian": "1",
            "nomorBagian": "1"
          },
          "individual": {
            "nomorLaporan": "21768/IDEB/0101028/2021",
            "posisiDataTerakhir": "202011",
            "tanggalPermintaan": "20210108102942",
            "parameterPencarian": {
              "namaDebitur": "",
              "jenisKelamin": "",
              "jenisKelaminKet": "",
              "noIdentitas": "3273031208810019",
              "npwp": "",
              "tempatLahir": "",
              "tanggalLahir": ""
            },
            "dataPokokDebitur": [
              {
                "resultid": "30C827C3-A3E9-44C5-B562-748E1D0662CF",
                "seq": "550426",
                "namaDebitur": "SYAIFUL FAUZI",
                "identitas": "1",
                "noIdentitas": "3273031208810019",
                "alamat": "jalan cicentang no 37",
                "jenisKelamin": "L",
                "jenisKelaminKet": "LAKI-LAKI",
                "npwp": "369946157422000",
                "tempatLahir": "BANDUNG",
                "tanggalLahir": "19810812",
                "pelapor": "046",
                "pelaporKet": "BANK DBS INDONESIA",
                "tanggalDibentuk": "20190405075237",
                "tanggalUpdate": "20190809070036",
                "kelurahan": "Rawa Buntu",
                "kecamatan": "Serpong",
                "kabKota": "0292",
                "kabKotaKet": "Kota Tangerang",
                "kodePos": "01531",
                "negara": "ID",
                "negaraKet": "Indonesia",
                "pekerjaan": "004",
                "pekerjaanKet": "Eksekutif",
                "tempatBekerja": "jalan bsd green office park",
                "bidangUsaha": "004900",
                "bidangUsahaKet": "Rumah Tangga Untuk Keperluan yang tidak diklasifikasikan di tempat lain",
                "kodeGelarDebitur": "00",
                "statusGelarDebitur": "Tanpa Gelar",
                "mmn": "MIMIN TASLIAH"
              },
              {
                "resultid": "30C827C3-A3E9-44C5-B562-748E1D0662CF",
                "seq": "550427",
                "namaDebitur": "SYAIFUL FAUZI",
                "identitas": "1",
                "noIdentitas": "3273031208810019",
                "alamat": "Jl KOMP CIBOLERANG BLOK C NO 36, RT04, RW04",
                "jenisKelamin": "L",
                "jenisKelaminKet": "LAKI-LAKI",
                "npwp": "",
                "tempatLahir": "BANDUNG",
                "tanggalLahir": "19810812",
                "pelapor": "252909",
                "pelaporKet": "Home Credit Indonesia, PT.",
                "tanggalDibentuk": "20180508111133",
                "tanggalUpdate": "20191010125207",
                "kelurahan": "MARGAHAYU UTARA",
                "kecamatan": "BABAKAN CIPARAY",
                "kabKota": "0191",
                "kabKotaKet": "Kota Bandung",
                "kodePos": "40224",
                "negara": "ID",
                "negaraKet": "Indonesia",
                "pekerjaan": "013",
                "pekerjaanKet": "Wiraswasta",
                "tempatBekerja": "SYF SHOES",
                "bidangUsaha": "512209",
                "bidangUsahaKet": "Perdagangan Dalam Negeri Makanan, Minuman dan Tembakau Lain",
                "kodeGelarDebitur": "04",
                "statusGelarDebitur": "S-1",
                "mmn": "MIMIN TASLIAH"
              },
              {
                "resultid": "30C827C3-A3E9-44C5-B562-748E1D0662CF",
                "seq": "550428",
                "namaDebitur": "SYAIFUL FAUZI",
                "identitas": "1",
                "noIdentitas": "3273031208810019",
                "alamat": "SERPONG",
                "jenisKelamin": "L",
                "jenisKelaminKet": "LAKI-LAKI",
                "npwp": "369946157422000",
                "tempatLahir": "BANDUNG",
                "tanggalLahir": "19810812",
                "pelapor": "485",
                "pelaporKet": "BANK MNC INTERNASIONAL d/h BANK ICB BUMIPUTERA",
                "tanggalDibentuk": "20200310075706",
                "tanggalUpdate": "20201208074509",
                "kelurahan": "SERPONG",
                "kecamatan": "SERPONG",
                "kabKota": "0204",
                "kabKotaKet": "Kab. Tangerang",
                "kodePos": "15318",
                "negara": "ID",
                "negaraKet": "Indonesia",
                "pekerjaan": "099",
                "pekerjaanKet": "Lain-lain",
                "tempatBekerja": "SINARMASLAND PT",
                "bidangUsaha": "452190",
                "bidangUsahaKet": "Konstruksi Gedung Lain",
                "kodeGelarDebitur": "00",
                "statusGelarDebitur": "Tanpa Gelar",
                "mmn": "MIMIN TASLIAH"
              },
              {
                "resultid": "30C827C3-A3E9-44C5-B562-748E1D0662CF",
                "seq": "550429",
                "namaDebitur": "SYAIFUL FAUZI",
                "identitas": "1",
                "noIdentitas": "3273031208810019",
                "alamat": "JL CICENTANG NO 37 RT 03 RW 01 SERPONG",
                "jenisKelamin": "L",
                "jenisKelaminKet": "LAKI-LAKI",
                "npwp": "369946157422000",
                "tempatLahir": "BANDUNG",
                "tanggalLahir": "19810812",
                "pelapor": "002",
                "pelaporKet": "BANK RAKYAT INDONESIA",
                "tanggalDibentuk": "20191112021342",
                "tanggalUpdate": "20201217103515",
                "kelurahan": "RT 03 RW 01 SERPONG",
                "kecamatan": "SERPONG",
                "kabKota": "0292",
                "kabKotaKet": "Kota Tangerang",
                "kodePos": "15311",
                "negara": "ID",
                "negaraKet": "Indonesia",
                "pekerjaan": "099",
                "pekerjaanKet": "Lain-lain",
                "tempatBekerja": "SINARMAS LAND",
                "bidangUsaha": "004190",
                "bidangUsahaKet": "Rumah Tangga untuk Keperluan Multiguna Lain",
                "kodeGelarDebitur": "00",
                "statusGelarDebitur": "Tanpa Gelar",
                "mmn": "MIMIN TASLIAH"
              },
              {
                "resultid": "30C827C3-A3E9-44C5-B562-748E1D0662CF",
                "seq": "550430",
                "namaDebitur": "SYAIFUL FAUZI",
                "identitas": "1",
                "noIdentitas": "3273031208810019",
                "alamat": "KOMP CIBOLERANG BLOK C36 RT04 RW04 BANDUNG 40224 INDONESIA",
                "jenisKelamin": "L",
                "jenisKelaminKet": "LAKI-LAKI",
                "npwp": "369946157422000",
                "tempatLahir": "BANDUNG",
                "tanggalLahir": "19810812",
                "pelapor": "031",
                "pelaporKet": "CITIBANK",
                "tanggalDibentuk": "20200211111705",
                "tanggalUpdate": "20201212063228",
                "kelurahan": "MARGAHAYU UTARA",
                "kecamatan": "BABAKAN CIPARAY",
                "kabKota": "0191",
                "kabKotaKet": "Kota Bandung",
                "kodePos": "40224",
                "negara": "ID",
                "negaraKet": "Indonesia",
                "pekerjaan": "099",
                "pekerjaanKet": "Lain-lain",
                "tempatBekerja": "SINARMAS LAND",
                "bidangUsaha": "009000",
                "bidangUsahaKet": "Bukan Lapangan Usaha Lain",
                "kodeGelarDebitur": "04",
                "statusGelarDebitur": "S-1",
                "mmn": "MIMIN TASLIAH"
              },
              {
                "resultid": "30C827C3-A3E9-44C5-B562-748E1D0662CF",
                "seq": "550431",
                "namaDebitur": "SYAIFUL FAUZI",
                "identitas": "1",
                "noIdentitas": "3273031208810019",
                "alamat": "JL CICENTANG NO 37 RT 03 01 RAWA BUNTU SERPONG",
                "jenisKelamin": "L",
                "jenisKelaminKet": "LAKI-LAKI",
                "npwp": "13",
                "tempatLahir": "BANDUNG",
                "tanggalLahir": "19810812",
                "pelapor": "022",
                "pelaporKet": "BANK CIMB NIAGA SYARIAH (UUS)",
                "tanggalDibentuk": "20200911063613",
                "tanggalUpdate": "20201211095900",
                "kelurahan": "RAWA BUNTU",
                "kecamatan": "SERPONG",
                "kabKota": "0294",
                "kabKotaKet": "Kota Tangerang Selatan",
                "kodePos": "15318",
                "negara": "ID",
                "negaraKet": "Indonesia",
                "pekerjaan": "099",
                "pekerjaanKet": "Lain-lain",
                "tempatBekerja": "SINARMAS LAND",
                "bidangUsaha": "004900",
                "bidangUsahaKet": "Rumah Tangga Untuk Keperluan yang tidak diklasifikasikan di tempat lain",
                "kodeGelarDebitur": "02",
                "statusGelarDebitur": "Diploma 2",
                "mmn": "MIMIN TASLIAH"
              },
              {
                "resultid": "30C827C3-A3E9-44C5-B562-748E1D0662CF",
                "seq": "550432",
                "namaDebitur": "SYAIFUL FAUZI",
                "identitas": "1",
                "noIdentitas": "3273031208810019",
                "alamat": "JL TANGKUBAN PERAHU 2 NO 46 RT 2/11 KAYURINGIN JAYA BEKASI SELATAN 17144",
                "jenisKelamin": "L",
                "jenisKelaminKet": "LAKI-LAKI",
                "npwp": "13",
                "tempatLahir": "BANDUNG",
                "tanggalLahir": "19810812",
                "pelapor": "022",
                "pelaporKet": "BANK CIMB NIAGA",
                "tanggalDibentuk": "20200914122230",
                "tanggalUpdate": "20201212090239",
                "kelurahan": "KAYURINGIN JAYA",
                "kecamatan": "BEKASI SELATAN",
                "kabKota": "0294",
                "kabKotaKet": "Kota Tangerang Selatan",
                "kodePos": "15318",
                "negara": "ID",
                "negaraKet": "Indonesia",
                "pekerjaan": "099",
                "pekerjaanKet": "Lain-lain",
                "tempatBekerja": "SINARMAS LAND",
                "bidangUsaha": "004900",
                "bidangUsahaKet": "Rumah Tangga Untuk Keperluan yang tidak diklasifikasikan di tempat lain",
                "kodeGelarDebitur": "03",
                "statusGelarDebitur": "Diploma 3",
                "mmn": "MIMIN TASLIAH"
              }
            ],
            "ringkasanFasilitas": {
              "plafonEfektifKreditPembiayaan": "68800000",
              "plafonEfektifLc": "0",
              "plafonEfektifGyd": "0",
              "plafonEfektifSec": "0",
              "plafonEfektifLain": "0",
              "plafonEfektifTotal": "68800000",
              "bakiDebetKreditPembiayaan": "18849999",
              "bakiDebetLc": "0",
              "bakiDebetGyd": "0",
              "bakiDebetSec": "0",
              "bakiDebetLain": "0",
              "bakiDebetTotal": "18849999",
              "krediturBankUmum": "5",
              "krediturBPR": null,
              "krediturLp": "1",
              "krediturLainnya": "0",
              "kualitasTerburuk": "1",
              "kualitasBulanDataTerburuk": "202008"
            },
            "fasilitas": {
              "kreditPembiayan": [
                {
                  "fasilitasid": "08D7ED12-E6EC-46AF-92FA-3FC515DAC9AA",
                  "resultid": "30C827C3-A3E9-44C5-B562-748E1D0662CF",
                  "seq": "704222",
                  "ljk": "031",
                  "ljkKet": "CITIBANK",
                  "cabang": "030",
                  "cabangKet": "CITIBANK KPO",
                  "bakiDebet": "0",
                  "tanggalDibentuk": "20201212063854",
                  "tanggalUpdate": "20200211112036",
                  "bulan": "11",
                  "tahun": "2020",
                  "sifatKreditPembiayaan": "9",
                  "sifatKreditPembiayaanKet": "Lainnya",
                  "jenisKreditPembiayaan": "30",
                  "jenisKreditPembiayaanKet": "Kartu Kredit atau Kartu Pembiayaan Syariah",
                  "akadKreditPembiayaan": "00",
                  "akadKreditPembiayaanKet": "Konvensional",
                  "noRekening": "",
                  "frekPerpjganKreditPembiayaan": "0",
                  "noAkadAwal": "",
                  "tanggalAkadAwal": "",
                  "noAkadAkhir": "",
                  "tanggalAkadAkhir": "",
                  "tanggalAwalKredit": "20200124",
                  "tanggalMulai": "20200124",
                  "tanggalJatuhTempo": "20240131",
                  "kategoriDebiturKode": "99",
                  "kategoriDebiturKet": "Bukan Debitur Usaha Mikro, Kecil, dan Menengah",
                  "jenisPenggunaan": "3",
                  "jenisPenggunaanKet": "Konsumsi",
                  "sektorEkonomi": "009000",
                  "sektorEkonomiKet": "Bukan Lapangan Usaha Lain",
                  "kreditProgramPemerintah": "001",
                  "kreditProgramPemerintahKet": "Kredit Bukan Program Pemerintah",
                  "lokasiProyek": "0294",
                  "lokasiProyekKet": "Kota Tangerang Selatan",
                  "valutaKode": "IDR",
                  "sukuBungaImbalan": "24",
                  "jenisSukuBungaImbalan": "1",
                  "jenisSukuBungaImbalanKet": "Suku Bunga Fixed",
                  "kualitas": "1",
                  "kualitasKet": "Lancar",
                  "jumlahHariTunggakan": "0",
                  "nilaiProyek": "",
                  "plafonAwal": "17500000",
                  "plafon": "17500000",
                  "realisasiBulanBerjalan": "0",
                  "nilaiDalamMataUangAsal": "",
                  "kodeSebabMacet": "",
                  "sebabMacetKet": "",
                  "tanggalMacet": "",
                  "tunggakanPokok": "0",
                  "tunggakanBunga": "0",
                  "frekuensiTunggakan": "0",
                  "denda": "0",
                  "frekuensiRestrukturisasi": "0",
                  "tanggalRestrukturisasiAkhir": "",
                  "kodeCaraRestrukturisasi": "",
                  "restrukturisasiKet": "",
                  "kondisi": "00",
                  "kondisiKet": "Fasilitas Aktif",
                  "tanggalKondisi": "",
                  "keterangan": "",
                  "tahunBulan01Ht": "",
                  "tahunBulan01": "201901",
                  "tahunBulan01Kol": "",
                  "tahunBulan02Ht": "",
                  "tahunBulan02": "201902",
                  "tahunBulan02Kol": "",
                  "tahunBulan03Ht": "",
                  "tahunBulan03": "201903",
                  "tahunBulan03Kol": "",
                  "tahunBulan04Ht": "",
                  "tahunBulan04": "201904",
                  "tahunBulan04Kol": "",
                  "tahunBulan05Ht": "",
                  "tahunBulan05": "201905",
                  "tahunBulan05Kol": "",
                  "tahunBulan06Ht": "",
                  "tahunBulan06": "201906",
                  "tahunBulan06Kol": "",
                  "tahunBulan07Ht": "",
                  "tahunBulan07": "201907",
                  "tahunBulan07Kol": "",
                  "tahunBulan08Ht": "",
                  "tahunBulan08": "201908",
                  "tahunBulan08Kol": "",
                  "tahunBulan09Ht": "",
                  "tahunBulan09": "201909",
                  "tahunBulan09Kol": "",
                  "tahunBulan10Ht": "",
                  "tahunBulan10": "201910",
                  "tahunBulan10Kol": "",
                  "tahunBulan11Ht": "",
                  "tahunBulan11": "201911",
                  "tahunBulan11Kol": "",
                  "tahunBulan12Ht": "",
                  "tahunBulan12": "201912",
                  "tahunBulan12Kol": "",
                  "tahunBulan13Ht": "0",
                  "tahunBulan13": "202001",
                  "tahunBulan13Kol": "1",
                  "tahunBulan14Ht": "0",
                  "tahunBulan14": "202002",
                  "tahunBulan14Kol": "1",
                  "tahunBulan15Ht": "0",
                  "tahunBulan15": "202003",
                  "tahunBulan15Kol": "1",
                  "tahunBulan16Ht": "0",
                  "tahunBulan16": "202004",
                  "tahunBulan16Kol": "1",
                  "tahunBulan17Ht": "0",
                  "tahunBulan17": "202005",
                  "tahunBulan17Kol": "1",
                  "tahunBulan18Ht": "0",
                  "tahunBulan18": "202006",
                  "tahunBulan18Kol": "1",
                  "tahunBulan19Ht": "0",
                  "tahunBulan19": "202007",
                  "tahunBulan19Kol": "1",
                  "tahunBulan20Ht": "0",
                  "tahunBulan20": "202008",
                  "tahunBulan20Kol": "1",
                  "tahunBulan21Ht": "0",
                  "tahunBulan21": "202009",
                  "tahunBulan21Kol": "1",
                  "tahunBulan22Ht": "0",
                  "tahunBulan22": "202010",
                  "tahunBulan22Kol": "1",
                  "tahunBulan23Ht": "0",
                  "tahunBulan23": "202011",
                  "tahunBulan23Kol": "1",
                  "tahunBulan24Ht": "",
                  "tahunBulan24": "202012",
                  "tahunBulan24Kol": "",
                  "agunan": [],
                  "penjamin": []
                },
                {
                  "fasilitasid": "A01134D1-8BBC-4A0F-9C8B-5A66BA26CAED",
                  "resultid": "30C827C3-A3E9-44C5-B562-748E1D0662CF",
                  "seq": "704227",
                  "ljk": "252909",
                  "ljkKet": "Home Credit Indonesia, PT.",
                  "cabang": "000",
                  "cabangKet": "Home Credit Indonesia",
                  "bakiDebet": "0",
                  "tanggalDibentuk": "20191010010228",
                  "tanggalUpdate": "20180508111732",
                  "bulan": "09",
                  "tahun": "2019",
                  "sifatKreditPembiayaan": "9",
                  "sifatKreditPembiayaanKet": "Lainnya",
                  "jenisKreditPembiayaan": "05",
                  "jenisKreditPembiayaanKet": "Kredit atau Pembiayaan yang Diberikan",
                  "akadKreditPembiayaan": "00",
                  "akadKreditPembiayaanKet": "Konvensional",
                  "noRekening": "",
                  "frekPerpjganKreditPembiayaan": "0",
                  "noAkadAwal": "3800926204",
                  "tanggalAkadAwal": "20180421",
                  "noAkadAkhir": "3800926204",
                  "tanggalAkadAkhir": "20180421",
                  "tanggalAwalKredit": "20180421",
                  "tanggalMulai": "20180421",
                  "tanggalJatuhTempo": "20200421",
                  "kategoriDebiturKode": "99",
                  "kategoriDebiturKet": "Bukan Debitur Usaha Mikro, Kecil, dan Menengah",
                  "jenisPenggunaan": "3",
                  "jenisPenggunaanKet": "Konsumsi",
                  "sektorEkonomi": "512209",
                  "sektorEkonomiKet": "Perdagangan Dalam Negeri Makanan, Minuman dan Tembakau Lain",
                  "kreditProgramPemerintah": "001",
                  "kreditProgramPemerintahKet": "Kredit Bukan Program Pemerintah",
                  "lokasiProyek": "0191",
                  "lokasiProyekKet": "Kota Bandung",
                  "valutaKode": "IDR",
                  "sukuBungaImbalan": "35.880000000000003",
                  "jenisSukuBungaImbalan": "1",
                  "jenisSukuBungaImbalanKet": "Suku Bunga Fixed",
                  "kualitas": "1",
                  "kualitasKet": "Lancar",
                  "jumlahHariTunggakan": "0",
                  "nilaiProyek": "",
                  "plafonAwal": "20000000",
                  "plafon": "0",
                  "realisasiBulanBerjalan": "0",
                  "nilaiDalamMataUangAsal": "",
                  "kodeSebabMacet": "",
                  "sebabMacetKet": "",
                  "tanggalMacet": "",
                  "tunggakanPokok": "0",
                  "tunggakanBunga": "0",
                  "frekuensiTunggakan": "0",
                  "denda": "0",
                  "frekuensiRestrukturisasi": "0",
                  "tanggalRestrukturisasiAkhir": "",
                  "kodeCaraRestrukturisasi": "",
                  "restrukturisasiKet": "",
                  "kondisi": "02",
                  "kondisiKet": "Lunas",
                  "tanggalKondisi": "20190930",
                  "keterangan": "",
                  "tahunBulan01Ht": "",
                  "tahunBulan01": "201901",
                  "tahunBulan01Kol": "",
                  "tahunBulan02Ht": "",
                  "tahunBulan02": "201902",
                  "tahunBulan02Kol": "",
                  "tahunBulan03Ht": "",
                  "tahunBulan03": "201903",
                  "tahunBulan03Kol": "",
                  "tahunBulan04Ht": "",
                  "tahunBulan04": "201904",
                  "tahunBulan04Kol": "",
                  "tahunBulan05Ht": "",
                  "tahunBulan05": "201905",
                  "tahunBulan05Kol": "",
                  "tahunBulan06Ht": "",
                  "tahunBulan06": "201906",
                  "tahunBulan06Kol": "",
                  "tahunBulan07Ht": "",
                  "tahunBulan07": "201907",
                  "tahunBulan07Kol": "",
                  "tahunBulan08Ht": "",
                  "tahunBulan08": "201908",
                  "tahunBulan08Kol": "",
                  "tahunBulan09Ht": "0",
                  "tahunBulan09": "201909",
                  "tahunBulan09Kol": "1",
                  "tahunBulan10Ht": "",
                  "tahunBulan10": "201910",
                  "tahunBulan10Kol": "",
                  "tahunBulan11Ht": "",
                  "tahunBulan11": "201911",
                  "tahunBulan11Kol": "",
                  "tahunBulan12Ht": "",
                  "tahunBulan12": "201912",
                  "tahunBulan12Kol": "",
                  "tahunBulan13Ht": "",
                  "tahunBulan13": "202001",
                  "tahunBulan13Kol": "",
                  "tahunBulan14Ht": "",
                  "tahunBulan14": "202002",
                  "tahunBulan14Kol": "",
                  "tahunBulan15Ht": "",
                  "tahunBulan15": "202003",
                  "tahunBulan15Kol": "",
                  "tahunBulan16Ht": "",
                  "tahunBulan16": "202004",
                  "tahunBulan16Kol": "",
                  "tahunBulan17Ht": "",
                  "tahunBulan17": "202005",
                  "tahunBulan17Kol": "",
                  "tahunBulan18Ht": "",
                  "tahunBulan18": "202006",
                  "tahunBulan18Kol": "",
                  "tahunBulan19Ht": "",
                  "tahunBulan19": "202007",
                  "tahunBulan19Kol": "",
                  "tahunBulan20Ht": "",
                  "tahunBulan20": "202008",
                  "tahunBulan20Kol": "",
                  "tahunBulan21Ht": "",
                  "tahunBulan21": "202009",
                  "tahunBulan21Kol": "",
                  "tahunBulan22Ht": "",
                  "tahunBulan22": "202010",
                  "tahunBulan22Kol": "",
                  "tahunBulan23Ht": "",
                  "tahunBulan23": "202011",
                  "tahunBulan23Kol": "",
                  "tahunBulan24Ht": "",
                  "tahunBulan24": "202012",
                  "tahunBulan24Kol": "",
                  "agunan": [],
                  "penjamin": []
                },
                {
                  "fasilitasid": "FEF310B1-6425-4CFE-8685-2F36A4F4FACC",
                  "resultid": "30C827C3-A3E9-44C5-B562-748E1D0662CF",
                  "seq": "704226",
                  "ljk": "485",
                  "ljkKet": "BANK MNC INTERNASIONAL d/h BANK ICB BUMIPUTERA",
                  "cabang": "017",
                  "cabangKet": "BANK MNC KPO JAKARTA MNC TOWER",
                  "bakiDebet": "3749999",
                  "tanggalDibentuk": "20201208074656",
                  "tanggalUpdate": "20200310075901",
                  "bulan": "11",
                  "tahun": "2020",
                  "sifatKreditPembiayaan": "9",
                  "sifatKreditPembiayaanKet": "Lainnya",
                  "jenisKreditPembiayaan": "30",
                  "jenisKreditPembiayaanKet": "Kartu Kredit atau Kartu Pembiayaan Syariah",
                  "akadKreditPembiayaan": "00",
                  "akadKreditPembiayaanKet": "Konvensional",
                  "noRekening": "",
                  "frekPerpjganKreditPembiayaan": "1",
                  "noAkadAwal": "D022.0013.0323.0",
                  "tanggalAkadAwal": "",
                  "noAkadAkhir": "",
                  "tanggalAkadAkhir": "",
                  "tanggalAwalKredit": "20200128",
                  "tanggalMulai": "20200201",
                  "tanggalJatuhTempo": "20250201",
                  "kategoriDebiturKode": "99",
                  "kategoriDebiturKet": "Bukan Debitur Usaha Mikro, Kecil, dan Menengah",
                  "jenisPenggunaan": "3",
                  "jenisPenggunaanKet": "Konsumsi",
                  "sektorEkonomi": "009000",
                  "sektorEkonomiKet": "Bukan Lapangan Usaha Lain",
                  "kreditProgramPemerintah": "001",
                  "kreditProgramPemerintahKet": "Kredit Bukan Program Pemerintah",
                  "lokasiProyek": "0204",
                  "lokasiProyekKet": "Kab. Tangerang",
                  "valutaKode": "IDR",
                  "sukuBungaImbalan": "24",
                  "jenisSukuBungaImbalan": "1",
                  "jenisSukuBungaImbalanKet": "Suku Bunga Fixed",
                  "kualitas": "1",
                  "kualitasKet": "Lancar",
                  "jumlahHariTunggakan": "0",
                  "nilaiProyek": "",
                  "plafonAwal": "10000000",
                  "plafon": "10000000",
                  "realisasiBulanBerjalan": "0",
                  "nilaiDalamMataUangAsal": "",
                  "kodeSebabMacet": "",
                  "sebabMacetKet": "",
                  "tanggalMacet": "",
                  "tunggakanPokok": "0",
                  "tunggakanBunga": "0",
                  "frekuensiTunggakan": "0",
                  "denda": "0",
                  "frekuensiRestrukturisasi": "0",
                  "tanggalRestrukturisasiAkhir": "",
                  "kodeCaraRestrukturisasi": "",
                  "restrukturisasiKet": "",
                  "kondisi": "00",
                  "kondisiKet": "Fasilitas Aktif",
                  "tanggalKondisi": "",
                  "keterangan": "",
                  "tahunBulan01Ht": "",
                  "tahunBulan01": "201901",
                  "tahunBulan01Kol": "",
                  "tahunBulan02Ht": "",
                  "tahunBulan02": "201902",
                  "tahunBulan02Kol": "",
                  "tahunBulan03Ht": "",
                  "tahunBulan03": "201903",
                  "tahunBulan03Kol": "",
                  "tahunBulan04Ht": "",
                  "tahunBulan04": "201904",
                  "tahunBulan04Kol": "",
                  "tahunBulan05Ht": "",
                  "tahunBulan05": "201905",
                  "tahunBulan05Kol": "",
                  "tahunBulan06Ht": "",
                  "tahunBulan06": "201906",
                  "tahunBulan06Kol": "",
                  "tahunBulan07Ht": "",
                  "tahunBulan07": "201907",
                  "tahunBulan07Kol": "",
                  "tahunBulan08Ht": "",
                  "tahunBulan08": "201908",
                  "tahunBulan08Kol": "",
                  "tahunBulan09Ht": "",
                  "tahunBulan09": "201909",
                  "tahunBulan09Kol": "",
                  "tahunBulan10Ht": "",
                  "tahunBulan10": "201910",
                  "tahunBulan10Kol": "",
                  "tahunBulan11Ht": "",
                  "tahunBulan11": "201911",
                  "tahunBulan11Kol": "",
                  "tahunBulan12Ht": "",
                  "tahunBulan12": "201912",
                  "tahunBulan12Kol": "",
                  "tahunBulan13Ht": "",
                  "tahunBulan13": "202001",
                  "tahunBulan13Kol": "",
                  "tahunBulan14Ht": "0",
                  "tahunBulan14": "202002",
                  "tahunBulan14Kol": "1",
                  "tahunBulan15Ht": "0",
                  "tahunBulan15": "202003",
                  "tahunBulan15Kol": "1",
                  "tahunBulan16Ht": "0",
                  "tahunBulan16": "202004",
                  "tahunBulan16Kol": "1",
                  "tahunBulan17Ht": "0",
                  "tahunBulan17": "202005",
                  "tahunBulan17Kol": "1",
                  "tahunBulan18Ht": "0",
                  "tahunBulan18": "202006",
                  "tahunBulan18Kol": "1",
                  "tahunBulan19Ht": "0",
                  "tahunBulan19": "202007",
                  "tahunBulan19Kol": "1",
                  "tahunBulan20Ht": "0",
                  "tahunBulan20": "202008",
                  "tahunBulan20Kol": "1",
                  "tahunBulan21Ht": "0",
                  "tahunBulan21": "202009",
                  "tahunBulan21Kol": "1",
                  "tahunBulan22Ht": "0",
                  "tahunBulan22": "202010",
                  "tahunBulan22Kol": "1",
                  "tahunBulan23Ht": "0",
                  "tahunBulan23": "202011",
                  "tahunBulan23Kol": "1",
                  "tahunBulan24Ht": "",
                  "tahunBulan24": "202012",
                  "tahunBulan24Kol": "",
                  "agunan": [],
                  "penjamin": []
                },
                {
                  "fasilitasid": "B4853A4B-3C0D-494C-8759-C2E2FF18B85A",
                  "resultid": "30C827C3-A3E9-44C5-B562-748E1D0662CF",
                  "seq": "704225",
                  "ljk": "046",
                  "ljkKet": "BANK DBS INDONESIA",
                  "cabang": "030",
                  "cabangKet": "BANK DBS KPO",
                  "bakiDebet": "0",
                  "tanggalDibentuk": "20190809070214",
                  "tanggalUpdate": "20190405075301",
                  "bulan": "07",
                  "tahun": "2019",
                  "sifatKreditPembiayaan": "9",
                  "sifatKreditPembiayaanKet": "Lainnya",
                  "jenisKreditPembiayaan": "05",
                  "jenisKreditPembiayaanKet": "Kredit atau Pembiayaan yang Diberikan",
                  "akadKreditPembiayaan": "00",
                  "akadKreditPembiayaanKet": "Konvensional",
                  "noRekening": "",
                  "frekPerpjganKreditPembiayaan": "0",
                  "noAkadAwal": "0000000007900001665",
                  "tanggalAkadAwal": "20190102",
                  "noAkadAkhir": "0000000007900001665",
                  "tanggalAkadAkhir": "20190102",
                  "tanggalAwalKredit": "20190102",
                  "tanggalMulai": "20190102",
                  "tanggalJatuhTempo": "20240102",
                  "kategoriDebiturKode": "99",
                  "kategoriDebiturKet": "Bukan Debitur Usaha Mikro, Kecil, dan Menengah",
                  "jenisPenggunaan": "3",
                  "jenisPenggunaanKet": "Konsumsi",
                  "sektorEkonomi": "004900",
                  "sektorEkonomiKet": "Rumah Tangga Untuk Keperluan yang tidak diklasifikasikan di tempat lain",
                  "kreditProgramPemerintah": "001",
                  "kreditProgramPemerintahKet": "Kredit Bukan Program Pemerintah",
                  "lokasiProyek": "0292",
                  "lokasiProyekKet": "Kota Tangerang",
                  "valutaKode": "IDR",
                  "sukuBungaImbalan": "29.879999999999999",
                  "jenisSukuBungaImbalan": "1",
                  "jenisSukuBungaImbalanKet": "Suku Bunga Fixed",
                  "kualitas": "1",
                  "kualitasKet": "Lancar",
                  "jumlahHariTunggakan": "0",
                  "nilaiProyek": "",
                  "plafonAwal": "3000000",
                  "plafon": "0",
                  "realisasiBulanBerjalan": "0",
                  "nilaiDalamMataUangAsal": "",
                  "kodeSebabMacet": "",
                  "sebabMacetKet": "",
                  "tanggalMacet": "",
                  "tunggakanPokok": "0",
                  "tunggakanBunga": "0",
                  "frekuensiTunggakan": "0",
                  "denda": "0",
                  "frekuensiRestrukturisasi": "0",
                  "tanggalRestrukturisasiAkhir": "",
                  "kodeCaraRestrukturisasi": "",
                  "restrukturisasiKet": "",
                  "kondisi": "02",
                  "kondisiKet": "Lunas",
                  "tanggalKondisi": "20190710",
                  "keterangan": "",
                  "tahunBulan01Ht": "",
                  "tahunBulan01": "201901",
                  "tahunBulan01Kol": "",
                  "tahunBulan02Ht": "",
                  "tahunBulan02": "201902",
                  "tahunBulan02Kol": "",
                  "tahunBulan03Ht": "0",
                  "tahunBulan03": "201903",
                  "tahunBulan03Kol": "1",
                  "tahunBulan04Ht": "0",
                  "tahunBulan04": "201904",
                  "tahunBulan04Kol": "1",
                  "tahunBulan05Ht": "0",
                  "tahunBulan05": "201905",
                  "tahunBulan05Kol": "1",
                  "tahunBulan06Ht": "0",
                  "tahunBulan06": "201906",
                  "tahunBulan06Kol": "1",
                  "tahunBulan07Ht": "0",
                  "tahunBulan07": "201907",
                  "tahunBulan07Kol": "1",
                  "tahunBulan08Ht": "",
                  "tahunBulan08": "201908",
                  "tahunBulan08Kol": "",
                  "tahunBulan09Ht": "",
                  "tahunBulan09": "201909",
                  "tahunBulan09Kol": "",
                  "tahunBulan10Ht": "",
                  "tahunBulan10": "201910",
                  "tahunBulan10Kol": "",
                  "tahunBulan11Ht": "",
                  "tahunBulan11": "201911",
                  "tahunBulan11Kol": "",
                  "tahunBulan12Ht": "",
                  "tahunBulan12": "201912",
                  "tahunBulan12Kol": "",
                  "tahunBulan13Ht": "",
                  "tahunBulan13": "202001",
                  "tahunBulan13Kol": "",
                  "tahunBulan14Ht": "",
                  "tahunBulan14": "202002",
                  "tahunBulan14Kol": "",
                  "tahunBulan15Ht": "",
                  "tahunBulan15": "202003",
                  "tahunBulan15Kol": "",
                  "tahunBulan16Ht": "",
                  "tahunBulan16": "202004",
                  "tahunBulan16Kol": "",
                  "tahunBulan17Ht": "",
                  "tahunBulan17": "202005",
                  "tahunBulan17Kol": "",
                  "tahunBulan18Ht": "",
                  "tahunBulan18": "202006",
                  "tahunBulan18Kol": "",
                  "tahunBulan19Ht": "",
                  "tahunBulan19": "202007",
                  "tahunBulan19Kol": "",
                  "tahunBulan20Ht": "",
                  "tahunBulan20": "202008",
                  "tahunBulan20Kol": "",
                  "tahunBulan21Ht": "",
                  "tahunBulan21": "202009",
                  "tahunBulan21Kol": "",
                  "tahunBulan22Ht": "",
                  "tahunBulan22": "202010",
                  "tahunBulan22Kol": "",
                  "tahunBulan23Ht": "",
                  "tahunBulan23": "202011",
                  "tahunBulan23Kol": "",
                  "tahunBulan24Ht": "",
                  "tahunBulan24": "202012",
                  "tahunBulan24Kol": "",
                  "agunan": [],
                  "penjamin": []
                },
                {
                  "fasilitasid": "9E7868A5-C61F-40E5-A6AF-B0B3D0245E8B",
                  "resultid": "30C827C3-A3E9-44C5-B562-748E1D0662CF",
                  "seq": "704223",
                  "ljk": "002",
                  "ljkKet": "BANK RAKYAT INDONESIA",
                  "cabang": "003",
                  "cabangKet": "BRI KAS KPO",
                  "bakiDebet": "15100000",
                  "tanggalDibentuk": "20201217104033",
                  "tanggalUpdate": "20191112021627",
                  "bulan": "11",
                  "tahun": "2020",
                  "sifatKreditPembiayaan": "9",
                  "sifatKreditPembiayaanKet": "Lainnya",
                  "jenisKreditPembiayaan": "30",
                  "jenisKreditPembiayaanKet": "Kartu Kredit atau Kartu Pembiayaan Syariah",
                  "akadKreditPembiayaan": "00",
                  "akadKreditPembiayaanKet": "Konvensional",
                  "noRekening": "",
                  "frekPerpjganKreditPembiayaan": "0",
                  "noAkadAwal": "",
                  "tanggalAkadAwal": "",
                  "noAkadAkhir": "",
                  "tanggalAkadAkhir": "",
                  "tanggalAwalKredit": "20190827",
                  "tanggalMulai": "20190827",
                  "tanggalJatuhTempo": "20220831",
                  "kategoriDebiturKode": "99",
                  "kategoriDebiturKet": "Bukan Debitur Usaha Mikro, Kecil, dan Menengah",
                  "jenisPenggunaan": "3",
                  "jenisPenggunaanKet": "Konsumsi",
                  "sektorEkonomi": "004190",
                  "sektorEkonomiKet": "Rumah Tangga untuk Keperluan Multiguna Lain",
                  "kreditProgramPemerintah": "001",
                  "kreditProgramPemerintahKet": "Kredit Bukan Program Pemerintah",
                  "lokasiProyek": "0292",
                  "lokasiProyekKet": "Kota Tangerang",
                  "valutaKode": "IDR",
                  "sukuBungaImbalan": "24",
                  "jenisSukuBungaImbalan": "1",
                  "jenisSukuBungaImbalanKet": "Suku Bunga Fixed",
                  "kualitas": "1",
                  "kualitasKet": "Lancar",
                  "jumlahHariTunggakan": "0",
                  "nilaiProyek": "",
                  "plafonAwal": "15100000",
                  "plafon": "15100000",
                  "realisasiBulanBerjalan": "0",
                  "nilaiDalamMataUangAsal": "",
                  "kodeSebabMacet": "",
                  "sebabMacetKet": "",
                  "tanggalMacet": "",
                  "tunggakanPokok": "0",
                  "tunggakanBunga": "0",
                  "frekuensiTunggakan": "0",
                  "denda": "100000",
                  "frekuensiRestrukturisasi": "0",
                  "tanggalRestrukturisasiAkhir": "",
                  "kodeCaraRestrukturisasi": "",
                  "restrukturisasiKet": "",
                  "kondisi": "00",
                  "kondisiKet": "Fasilitas Aktif",
                  "tanggalKondisi": "",
                  "keterangan": "",
                  "tahunBulan01Ht": "",
                  "tahunBulan01": "201901",
                  "tahunBulan01Kol": "",
                  "tahunBulan02Ht": "",
                  "tahunBulan02": "201902",
                  "tahunBulan02Kol": "",
                  "tahunBulan03Ht": "",
                  "tahunBulan03": "201903",
                  "tahunBulan03Kol": "",
                  "tahunBulan04Ht": "",
                  "tahunBulan04": "201904",
                  "tahunBulan04Kol": "",
                  "tahunBulan05Ht": "",
                  "tahunBulan05": "201905",
                  "tahunBulan05Kol": "",
                  "tahunBulan06Ht": "",
                  "tahunBulan06": "201906",
                  "tahunBulan06Kol": "",
                  "tahunBulan07Ht": "",
                  "tahunBulan07": "201907",
                  "tahunBulan07Kol": "",
                  "tahunBulan08Ht": "",
                  "tahunBulan08": "201908",
                  "tahunBulan08Kol": "",
                  "tahunBulan09Ht": "",
                  "tahunBulan09": "201909",
                  "tahunBulan09Kol": "",
                  "tahunBulan10Ht": "0",
                  "tahunBulan10": "201910",
                  "tahunBulan10Kol": "1",
                  "tahunBulan11Ht": "0",
                  "tahunBulan11": "201911",
                  "tahunBulan11Kol": "1",
                  "tahunBulan12Ht": "0",
                  "tahunBulan12": "201912",
                  "tahunBulan12Kol": "1",
                  "tahunBulan13Ht": "0",
                  "tahunBulan13": "202001",
                  "tahunBulan13Kol": "1",
                  "tahunBulan14Ht": "0",
                  "tahunBulan14": "202002",
                  "tahunBulan14Kol": "1",
                  "tahunBulan15Ht": "0",
                  "tahunBulan15": "202003",
                  "tahunBulan15Kol": "1",
                  "tahunBulan16Ht": "0",
                  "tahunBulan16": "202004",
                  "tahunBulan16Kol": "1",
                  "tahunBulan17Ht": "0",
                  "tahunBulan17": "202005",
                  "tahunBulan17Kol": "1",
                  "tahunBulan18Ht": "0",
                  "tahunBulan18": "202006",
                  "tahunBulan18Kol": "1",
                  "tahunBulan19Ht": "0",
                  "tahunBulan19": "202007",
                  "tahunBulan19Kol": "1",
                  "tahunBulan20Ht": "0",
                  "tahunBulan20": "202008",
                  "tahunBulan20Kol": "1",
                  "tahunBulan21Ht": "0",
                  "tahunBulan21": "202009",
                  "tahunBulan21Kol": "1",
                  "tahunBulan22Ht": "0",
                  "tahunBulan22": "202010",
                  "tahunBulan22Kol": "1",
                  "tahunBulan23Ht": "0",
                  "tahunBulan23": "202011",
                  "tahunBulan23Kol": "1",
                  "tahunBulan24Ht": "",
                  "tahunBulan24": "202012",
                  "tahunBulan24Kol": "",
                  "agunan": [],
                  "penjamin": []
                },
                {
                  "fasilitasid": "C33C9880-B083-4324-AE54-FD0852284822",
                  "resultid": "30C827C3-A3E9-44C5-B562-748E1D0662CF",
                  "seq": "704224",
                  "ljk": "022",
                  "ljkKet": "BANK CIMB NIAGA SYARIAH (UUS)",
                  "cabang": "996",
                  "cabangKet": "Bank CIMB Niaga UUS Mnr Sudirm",
                  "bakiDebet": "0",
                  "tanggalDibentuk": "20201211100211",
                  "tanggalUpdate": "20200911063639",
                  "bulan": "11",
                  "tahun": "2020",
                  "sifatKreditPembiayaan": "9",
                  "sifatKreditPembiayaanKet": "Lainnya",
                  "jenisKreditPembiayaan": "30",
                  "jenisKreditPembiayaanKet": "Kartu Kredit atau Kartu Pembiayaan Syariah",
                  "akadKreditPembiayaan": "04",
                  "akadKreditPembiayaanKet": "Qardh",
                  "noRekening": "",
                  "frekPerpjganKreditPembiayaan": "0",
                  "noAkadAwal": "",
                  "tanggalAkadAwal": "",
                  "noAkadAkhir": "",
                  "tanggalAkadAkhir": "",
                  "tanggalAwalKredit": "20200826",
                  "tanggalMulai": "20200826",
                  "tanggalJatuhTempo": "20250831",
                  "kategoriDebiturKode": "99",
                  "kategoriDebiturKet": "Bukan Debitur Usaha Mikro, Kecil, dan Menengah",
                  "jenisPenggunaan": "3",
                  "jenisPenggunaanKet": "Konsumsi",
                  "sektorEkonomi": "009000",
                  "sektorEkonomiKet": "Bukan Lapangan Usaha Lain",
                  "kreditProgramPemerintah": "001",
                  "kreditProgramPemerintahKet": "Kredit Bukan Program Pemerintah",
                  "lokasiProyek": "0294",
                  "lokasiProyekKet": "Kota Tangerang Selatan",
                  "valutaKode": "IDR",
                  "sukuBungaImbalan": "2",
                  "jenisSukuBungaImbalan": "1",
                  "jenisSukuBungaImbalanKet": "Suku Bunga Fixed",
                  "kualitas": "1",
                  "kualitasKet": "Lancar",
                  "jumlahHariTunggakan": "0",
                  "nilaiProyek": "",
                  "plafonAwal": "13100000",
                  "plafon": "13100000",
                  "realisasiBulanBerjalan": "0",
                  "nilaiDalamMataUangAsal": "",
                  "kodeSebabMacet": "",
                  "sebabMacetKet": "",
                  "tanggalMacet": "",
                  "tunggakanPokok": "0",
                  "tunggakanBunga": "0",
                  "frekuensiTunggakan": "0",
                  "denda": "0",
                  "frekuensiRestrukturisasi": "0",
                  "tanggalRestrukturisasiAkhir": "",
                  "kodeCaraRestrukturisasi": "",
                  "restrukturisasiKet": "",
                  "kondisi": "00",
                  "kondisiKet": "Fasilitas Aktif",
                  "tanggalKondisi": "",
                  "keterangan": "",
                  "tahunBulan01Ht": "",
                  "tahunBulan01": "201901",
                  "tahunBulan01Kol": "",
                  "tahunBulan02Ht": "",
                  "tahunBulan02": "201902",
                  "tahunBulan02Kol": "",
                  "tahunBulan03Ht": "",
                  "tahunBulan03": "201903",
                  "tahunBulan03Kol": "",
                  "tahunBulan04Ht": "",
                  "tahunBulan04": "201904",
                  "tahunBulan04Kol": "",
                  "tahunBulan05Ht": "",
                  "tahunBulan05": "201905",
                  "tahunBulan05Kol": "",
                  "tahunBulan06Ht": "",
                  "tahunBulan06": "201906",
                  "tahunBulan06Kol": "",
                  "tahunBulan07Ht": "",
                  "tahunBulan07": "201907",
                  "tahunBulan07Kol": "",
                  "tahunBulan08Ht": "",
                  "tahunBulan08": "201908",
                  "tahunBulan08Kol": "",
                  "tahunBulan09Ht": "",
                  "tahunBulan09": "201909",
                  "tahunBulan09Kol": "",
                  "tahunBulan10Ht": "",
                  "tahunBulan10": "201910",
                  "tahunBulan10Kol": "",
                  "tahunBulan11Ht": "",
                  "tahunBulan11": "201911",
                  "tahunBulan11Kol": "",
                  "tahunBulan12Ht": "",
                  "tahunBulan12": "201912",
                  "tahunBulan12Kol": "",
                  "tahunBulan13Ht": "",
                  "tahunBulan13": "202001",
                  "tahunBulan13Kol": "",
                  "tahunBulan14Ht": "",
                  "tahunBulan14": "202002",
                  "tahunBulan14Kol": "",
                  "tahunBulan15Ht": "",
                  "tahunBulan15": "202003",
                  "tahunBulan15Kol": "",
                  "tahunBulan16Ht": "",
                  "tahunBulan16": "202004",
                  "tahunBulan16Kol": "",
                  "tahunBulan17Ht": "",
                  "tahunBulan17": "202005",
                  "tahunBulan17Kol": "",
                  "tahunBulan18Ht": "",
                  "tahunBulan18": "202006",
                  "tahunBulan18Kol": "",
                  "tahunBulan19Ht": "",
                  "tahunBulan19": "202007",
                  "tahunBulan19Kol": "",
                  "tahunBulan20Ht": "0",
                  "tahunBulan20": "202008",
                  "tahunBulan20Kol": "1",
                  "tahunBulan21Ht": "0",
                  "tahunBulan21": "202009",
                  "tahunBulan21Kol": "1",
                  "tahunBulan22Ht": "0",
                  "tahunBulan22": "202010",
                  "tahunBulan22Kol": "1",
                  "tahunBulan23Ht": "0",
                  "tahunBulan23": "202011",
                  "tahunBulan23Kol": "1",
                  "tahunBulan24Ht": "",
                  "tahunBulan24": "202012",
                  "tahunBulan24Kol": "",
                  "agunan": [],
                  "penjamin": []
                },
                {
                  "fasilitasid": "032C7F44-32AD-4EE1-AFDB-FDC85F7D7C66",
                  "resultid": "30C827C3-A3E9-44C5-B562-748E1D0662CF",
                  "seq": "704221",
                  "ljk": "022",
                  "ljkKet": "BANK CIMB NIAGA",
                  "cabang": "001",
                  "cabangKet": "BANK CIMB NIAGA KPO",
                  "bakiDebet": "0",
                  "tanggalDibentuk": "20201212093837",
                  "tanggalUpdate": "20200914122715",
                  "bulan": "11",
                  "tahun": "2020",
                  "sifatKreditPembiayaan": "9",
                  "sifatKreditPembiayaanKet": "Lainnya",
                  "jenisKreditPembiayaan": "30",
                  "jenisKreditPembiayaanKet": "Kartu Kredit atau Kartu Pembiayaan Syariah",
                  "akadKreditPembiayaan": "00",
                  "akadKreditPembiayaanKet": "Konvensional",
                  "noRekening": "",
                  "frekPerpjganKreditPembiayaan": "0",
                  "noAkadAwal": "",
                  "tanggalAkadAwal": "",
                  "noAkadAkhir": "",
                  "tanggalAkadAkhir": "",
                  "tanggalAwalKredit": "20200826",
                  "tanggalMulai": "20200826",
                  "tanggalJatuhTempo": "20240831",
                  "kategoriDebiturKode": "99",
                  "kategoriDebiturKet": "Bukan Debitur Usaha Mikro, Kecil, dan Menengah",
                  "jenisPenggunaan": "3",
                  "jenisPenggunaanKet": "Konsumsi",
                  "sektorEkonomi": "009000",
                  "sektorEkonomiKet": "Bukan Lapangan Usaha Lain",
                  "kreditProgramPemerintah": "001",
                  "kreditProgramPemerintahKet": "Kredit Bukan Program Pemerintah",
                  "lokasiProyek": "0294",
                  "lokasiProyekKet": "Kota Tangerang Selatan",
                  "valutaKode": "IDR",
                  "sukuBungaImbalan": "2",
                  "jenisSukuBungaImbalan": "1",
                  "jenisSukuBungaImbalanKet": "Suku Bunga Fixed",
                  "kualitas": "1",
                  "kualitasKet": "Lancar",
                  "jumlahHariTunggakan": "0",
                  "nilaiProyek": "",
                  "plafonAwal": "13100000",
                  "plafon": "13100000",
                  "realisasiBulanBerjalan": "0",
                  "nilaiDalamMataUangAsal": "",
                  "kodeSebabMacet": "",
                  "sebabMacetKet": "",
                  "tanggalMacet": "",
                  "tunggakanPokok": "0",
                  "tunggakanBunga": "0",
                  "frekuensiTunggakan": "0",
                  "denda": "0",
                  "frekuensiRestrukturisasi": "0",
                  "tanggalRestrukturisasiAkhir": "",
                  "kodeCaraRestrukturisasi": "",
                  "restrukturisasiKet": "",
                  "kondisi": "00",
                  "kondisiKet": "Fasilitas Aktif",
                  "tanggalKondisi": "",
                  "keterangan": "",
                  "tahunBulan01Ht": "",
                  "tahunBulan01": "201901",
                  "tahunBulan01Kol": "",
                  "tahunBulan02Ht": "",
                  "tahunBulan02": "201902",
                  "tahunBulan02Kol": "",
                  "tahunBulan03Ht": "",
                  "tahunBulan03": "201903",
                  "tahunBulan03Kol": "",
                  "tahunBulan04Ht": "",
                  "tahunBulan04": "201904",
                  "tahunBulan04Kol": "",
                  "tahunBulan05Ht": "",
                  "tahunBulan05": "201905",
                  "tahunBulan05Kol": "",
                  "tahunBulan06Ht": "",
                  "tahunBulan06": "201906",
                  "tahunBulan06Kol": "",
                  "tahunBulan07Ht": "",
                  "tahunBulan07": "201907",
                  "tahunBulan07Kol": "",
                  "tahunBulan08Ht": "",
                  "tahunBulan08": "201908",
                  "tahunBulan08Kol": "",
                  "tahunBulan09Ht": "",
                  "tahunBulan09": "201909",
                  "tahunBulan09Kol": "",
                  "tahunBulan10Ht": "",
                  "tahunBulan10": "201910",
                  "tahunBulan10Kol": "",
                  "tahunBulan11Ht": "",
                  "tahunBulan11": "201911",
                  "tahunBulan11Kol": "",
                  "tahunBulan12Ht": "",
                  "tahunBulan12": "201912",
                  "tahunBulan12Kol": "",
                  "tahunBulan13Ht": "",
                  "tahunBulan13": "202001",
                  "tahunBulan13Kol": "",
                  "tahunBulan14Ht": "",
                  "tahunBulan14": "202002",
                  "tahunBulan14Kol": "",
                  "tahunBulan15Ht": "",
                  "tahunBulan15": "202003",
                  "tahunBulan15Kol": "",
                  "tahunBulan16Ht": "",
                  "tahunBulan16": "202004",
                  "tahunBulan16Kol": "",
                  "tahunBulan17Ht": "",
                  "tahunBulan17": "202005",
                  "tahunBulan17Kol": "",
                  "tahunBulan18Ht": "",
                  "tahunBulan18": "202006",
                  "tahunBulan18Kol": "",
                  "tahunBulan19Ht": "",
                  "tahunBulan19": "202007",
                  "tahunBulan19Kol": "",
                  "tahunBulan20Ht": "0",
                  "tahunBulan20": "202008",
                  "tahunBulan20Kol": "1",
                  "tahunBulan21Ht": "0",
                  "tahunBulan21": "202009",
                  "tahunBulan21Kol": "1",
                  "tahunBulan22Ht": "0",
                  "tahunBulan22": "202010",
                  "tahunBulan22Kol": "1",
                  "tahunBulan23Ht": "0",
                  "tahunBulan23": "202011",
                  "tahunBulan23Kol": "1",
                  "tahunBulan24Ht": "",
                  "tahunBulan24": "202012",
                  "tahunBulan24Kol": "",
                  "agunan": [],
                  "penjamin": []
                }
              ],
              "bankgaransi": [],
              "fasilitaslain": [],
              "lc": [],
              "suratberharga": []
            }
          }
        },
        "IdebPerusahaan": null
      }
    }
  ],
  "DemographicData": {
    "ApplicationNumber": "J000011415",
    "GUID": "29af85bd-4951-4eba-b083-7c0e6a406357",
    "CIF": "000600007337835",
    "CustomerType": "NTB",
    "MarketingCode": "AAN9999760NTB00000",
    "KTP": "3273031208810019",
    "Name": "SYAIFUL FAUZI ",
    "AgeInMonths": 472,
    "Gender": "M",
    "MaritalStatus": "B",
    "NoOfChildren": "0",
    "HomeOwnership": "H01",
    "Income": "5000000.00",
    "LengthOfWorkYears": "4",
    "OccupationType": "PSW",
    "EmploymentStatus": "A",
    "JobCode": "JC2",
    "NatureOfBusiness": "6",
    "IDNumber": "3273031208810019",
    "AddressKTP": "KOMP. CIBOLERANG BLOK C.36",
    "KTPZipcode": "40224",
    "AddressDomisili": "JALAN SALEM I",
    "DomisiliZipcode": "15117",
    "OfficeAddress": "GREEN OFFICES PARK 1",
    "OfficeZipcode": "15341",
    "Education": "E",
    "IncomingDate": "2021-01-08T09:49:26.463126",
    "DateOfBirth": "1981-08-12T00:00:00"
  }
}
